Compound,Sigma_01,Sigma_02,Sigma_03,Sigma_04,Sigma_05,Sigma_06,Sigma_07,Sigma_08,Sigma_09,Sigma_10,Sigma_11,Sigma_12,Sigma_13,Sigma_14,Sigma_15,Sigma_16,Sigma_17,Sigma_18,Sigma_19,Sigma_20,Sigma_21,Sigma_22,Sigma_23,Sigma_24,Sigma_25,Sigma_26,Sigma_27,Sigma_28,Sigma_29,Sigma_30,Sigma_31,Sigma_32,Sigma_33,Sigma_34,Sigma_35,Sigma_36,Sigma_37,Sigma_38,Sigma_39,Sigma_40,Sigma_41,Sigma_42,Sigma_43,Sigma_44,Sigma_45,Sigma_46,Sigma_47,Sigma_48,Sigma_49,Sigma_50,Sigma_51
12_butanediol_spe,0.0,0.0,0.0,0.0,0.0,0.0,0.0,0.0,0.0,0.0,0.0,0.0,0.0,0.0,0.0,0.0,0.0,0.0,0.0,1.694131889,11.736724084000002,22.988235972999995,12.313017686000002,41.80361410699998,173.4489882320001,73.14690089600003,70.15050203999976,12.998219014000028,19.39718791499979,31.40166394999983,28.166197765999925,0.2366220210000165,0.0,0.0,0.0,0.0,0.0,0.0,0.0,0.0,0.0,0.0,0.0,0.0,0.0,0.0,0.0,0.0,0.0,0.0,0.0
13_butanediol_spe,0.0,0.0,0.0,0.0,0.0,0.0,0.0,0.0,0.0,0.0,0.0,0.0,0.0,0.0,0.0,0.0,0.0,0.0,0.0,1.994724377,11.675637494,20.921600632000004,15.598494091999989,46.38129359399998,163.43129393499973,72.69479653299993,70.48419664999966,14.665791680000098,20.734849611999834,32.769613683999694,27.535556753999742,0.0,0.0,0.0,0.0,0.0,0.0,0.0,0.0,0.0,0.0,0.0,0.0,0.0,0.0,0.0,0.0,0.0,0.0,0.0,0.0
14_butanediol_spe,0.0,0.0,0.0,0.0,0.0,0.0,0.0,0.0,0.0,0.0,0.0,0.0,0.0,0.0,0.0,0.0,0.0,0.0,0.053694371,0.0,21.859324831000002,23.827756477000015,12.090319219999984,20.688795599000024,204.11732701999998,81.16306430399965,43.75370300099979,17.663672740999914,16.379034398999977,31.305489882000018,41.9478513359997,0.0,0.0,0.0,0.0,0.0,0.0,0.0,0.0,0.0,0.0,0.0,0.0,0.0,0.0,0.0,0.0,0.0,0.0,0.0,0.0
16_hexanediol_spe,0.0,0.0,0.0,0.0,0.0,0.0,0.0,0.0,0.0,0.0,0.0,0.0,0.0,0.0,0.0,0.0,0.0,0.0,0.0,0.0,21.582963082000006,21.829500849,13.075528432999981,19.994246329,271.37338201500046,133.4428584170003,75.4218753189997,16.181352786999923,20.396852215000536,35.88602213100023,37.96662110900127,0.0,0.0,0.0,0.0,0.0,0.0,0.0,0.0,0.0,0.0,0.0,0.0,0.0,0.0,0.0,0.0,0.0,0.0,0.0,0.0
23_butanediol_spe,0.0,0.0,0.0,0.0,0.0,0.0,0.0,0.0,0.0,0.0,0.0,0.0,0.0,0.0,0.0,0.0,0.0,0.0,0.0,0.216968429,13.177309887000002,19.88899270100001,13.134148602999993,56.61705689199998,158.2813694589999,58.27071402999991,78.20671560999995,18.70732937599996,17.53738291399992,31.89086937099978,25.825065846999735,0.2366220210000165,0.0,0.0,0.0,0.0,0.0,0.0,0.0,0.0,0.0,0.0,0.0,0.0,0.0,0.0,0.0,0.0,0.0,0.0,0.0
b_sitosterol_spe,0.0,0.0,0.0,0.0,0.0,0.0,0.0,0.0,0.0,0.0,0.0,0.0,0.0,0.0,0.0,0.0,0.0,0.0,0.0,0.0,7.533049027,15.906140064999995,9.337070000999997,38.97325947699997,637.4071565340001,525.6829987440007,440.9448659230022,64.08405250400119,17.88656778799964,13.122190449000072,24.643928950000372,0.23662202099990282,0.0,0.0,0.0,0.0,0.0,0.0,0.0,0.0,0.0,0.0,0.0,0.0,0.0,0.0,0.0,0.0,0.0,0.0,0.0
betaine_anion_spe,0.0,0.0,0.0,0.0,0.0,0.0,0.0,0.0,0.0,0.0,0.0,0.0,0.0,0.0,0.0,0.0,0.0,0.0,0.0,0.0,0.0,0.0,0.0,0.0,0.0,0.0,0.0,0.0,0.0,0.0,187.6215546079991,0.966996666,0.0,0.0,0.0,0.0,0.0,0.0,0.0,0.0,0.0,0.0,0.0,0.0,0.0,0.0,0.0,0.0,0.0,0.0,0.0
betaine_cation_spe,0.0,0.0,0.0,0.0,0.0,0.0,0.0,0.0,0.0,0.0,0.0,0.0,0.0,0.0,0.0,0.0,0.7907299600000001,2.648164261,5.113469855,25.110879356999998,17.10266279000001,48.248934576999936,171.6995981859999,97.15203219700044,105.22343276799984,14.210283450999952,16.544652244999952,30.428606035000314,43.82447095200098,8.277405094000187,0.0,0.0,0.0,0.0,0.0,0.0,0.0,0.0,0.0,0.0,0.0,0.0,0.0,0.0,0.0,0.0,0.0,0.0,0.0,0.0,0.0
betaine_spe,0.0,0.0,0.0,0.0,0.0,0.0,0.0,0.0,0.0,0.0,0.0,0.0,0.0,0.0,0.0,0.0,0.0,0.157518827,0.7002411189999999,2.08927672,3.06509985,11.582203581999993,77.83820671899998,168.16832104999966,110.48255796699988,43.58944847499998,9.352759547000005,11.58633799300003,8.050445042999911,13.865361297999982,76.73026611500012,32.06983249300106,7.994938809000018,0.0,0.0,0.0,0.0,0.0,0.0,0.0,0.0,0.0,0.0,0.0,0.0,0.0,0.0,0.0,0.0,0.0,0.0
cellobiose_spe,0.0,0.0,0.0,0.0,0.0,0.0,0.0,0.0,0.0,0.0,0.0,0.0,0.0,0.0,0.0,0.0,0.0,0.0,1.7831031480000001,3.5052630769999986,68.90633351399997,87.97827503099991,59.34814926600012,284.64194012200056,151.83731321299842,94.5563592020012,70.75973019199967,56.223494171000766,103.21655969900019,185.39066791800076,62.28063365999992,0.6660597089999101,0.6195888659999582,0.0,0.0,0.0,0.0,0.0,0.0,0.0,0.0,0.0,0.0,0.0,0.0,0.0,0.0,0.0,0.0,0.0,0.0
chloroform_spe,0.0,0.0,0.0,0.0,0.0,0.0,0.0,0.0,0.0,0.0,0.0,0.0,0.0,0.0,0.0,0.0,0.0,0.0,0.0,0.0,0.0,23.039232210999995,15.294928736,26.956673769,56.387778877999864,96.565286021,210.59158679799975,0.0,0.0,0.0,0.0,0.0,0.0,0.0,0.0,0.0,0.0,0.0,0.0,0.0,0.0,0.0,0.0,0.0,0.0,0.0,0.0,0.0,0.0,0.0,0.0
choline_anion_spe,0.0,0.0,0.0,0.0,0.0,0.0,0.0,0.0,0.0,0.0,0.0,0.0,0.0,0.0,0.0,0.0,0.0,0.0,0.0,0.0,0.0,0.0,0.0,0.0,0.0,0.0,0.0,0.0,0.0,0.0,187.6215546079991,0.966996666,0.0,0.0,0.0,0.0,0.0,0.0,0.0,0.0,0.0,0.0,0.0,0.0,0.0,0.0,0.0,0.0,0.0,0.0,0.0
choline_cation_spe,0.0,0.0,0.0,0.0,0.0,0.0,0.0,0.0,0.0,0.0,0.0,0.0,0.0,0.0,0.0,0.12340277499999999,0.21344082,0.8264695440000003,1.575200495,3.7654355000000006,22.564219065000003,31.392409345999983,179.84256692900001,150.99595310100037,122.77032405199975,15.185875763000126,8.380209907000108,7.489547472000027,11.77512088100002,22.063481481000736,5.061874548000219,0.0,0.0,0.0,0.0,0.0,0.0,0.0,0.0,0.0,0.0,0.0,0.0,0.0,0.0,0.0,0.0,0.0,0.0,0.0,0.0
citric_acid_spe,0.0,0.0,0.0,0.0,0.0,0.0,0.0,0.0,0.0,0.0,0.0,0.0,0.0,0.0,0.0,0.0,0.0,0.0,0.0,33.32017707000001,52.953572126999994,24.54357005700001,54.97430655100004,93.56510838599999,68.17841510099993,59.19894692799983,45.66899935299995,71.68087037799972,147.67823512200272,81.42467790700152,0.6312946949999514,0.0,0.0,0.0,0.0,0.0,0.0,0.0,0.0,0.0,0.0,0.0,0.0,0.0,0.0,0.0,0.0,0.0,0.0,0.0,0.0
dodecanol_spe,0.0,0.0,0.0,0.0,0.0,0.0,0.0,0.0,0.0,0.0,0.0,0.0,0.0,0.0,0.0,0.0,0.0,0.0,0.0,0.290330485,10.725978419999999,12.37057668,4.460485941000005,6.245169800000006,379.29557253200016,381.04301415000015,215.63253823599996,24.518148797000435,7.47812044699981,18.195642769000415,20.86333079899964,0.0,0.0,0.0,0.0,0.0,0.0,0.0,0.0,0.0,0.0,0.0,0.0,0.0,0.0,0.0,0.0,0.0,0.0,0.0,0.0
ethanol_spe,0.0,0.0,0.0,0.0,0.0,0.0,0.0,0.0,0.0,0.0,0.0,0.0,0.0,0.0,0.0,0.0,0.0,0.0,0.0,0.111230843,11.120399587000001,9.617783982999997,8.061532144000001,23.85461001199999,114.665191195,49.66641211300001,50.792289548999776,8.636902009000039,10.635462153999981,16.799217026999997,18.745126851999828,0.0,0.0,0.0,0.0,0.0,0.0,0.0,0.0,0.0,0.0,0.0,0.0,0.0,0.0,0.0,0.0,0.0,0.0,0.0,0.0
ethylene_glycol_spe,0.0,0.0,0.0,0.0,0.0,0.0,0.0,0.0,0.0,0.0,0.0,0.0,0.0,0.0,0.0,0.0,0.0,0.0,0.0,0.276630976,15.943198037000002,24.491589467999994,9.373540001000002,73.01807985599993,69.87142421600005,45.545461989000046,15.96306381300002,16.154020646000077,18.658388027999877,38.80708311799981,25.456996594999737,0.0,0.0,0.0,0.0,0.0,0.0,0.0,0.0,0.0,0.0,0.0,0.0,0.0,0.0,0.0,0.0,0.0,0.0,0.0,0.0
fructose_spe,0.0,0.0,0.0,0.0,0.0,0.0,0.0,0.0,0.0,0.0,0.0,0.0,0.0,0.0,0.0,0.0,0.0,0.0,0.0,0.137152184,31.222458645000003,61.00794314800001,31.693779519999993,155.34630948600005,92.72487651700015,53.16830056799995,38.99411227900009,38.24204559800006,63.98979064900084,103.64688907400227,23.758881150000548,0.0,0.0,0.0,0.0,0.0,0.0,0.0,0.0,0.0,0.0,0.0,0.0,0.0,0.0,0.0,0.0,0.0,0.0,0.0,0.0
gallic_acid_spe,0.0,0.0,0.0,0.0,0.0,0.0,0.0,0.0,0.0,0.0,0.0,0.0,0.0,0.0,0.0,0.0,0.0,1.290940553,1.4404802550000002,17.993743224000003,67.55577039899995,17.31226589499998,17.355837039000008,48.25122033999992,58.280738755000016,105.97573460399965,128.25674542399963,50.02915999499987,100.68326896700205,41.634268810001345,3.463060329999962,0.0,0.0,0.0,0.0,0.0,0.0,0.0,0.0,0.0,0.0,0.0,0.0,0.0,0.0,0.0,0.0,0.0,0.0,0.0,0.0
glucose_spe,0.0,0.0,0.0,0.0,0.0,0.0,0.0,0.0,0.0,0.0,0.0,0.0,0.0,0.0,0.0,0.0,0.0,0.13828395999999998,0.274098546,1.7664741860000002,50.69698171500001,61.43717911299998,29.175984404000104,154.8799121400001,80.7169327040001,50.34768674300017,31.87666294299993,42.73340364999984,60.797945721000474,123.5736032080033,26.733859003000703,0.0,0.0,0.0,0.0,0.0,0.0,0.0,0.0,0.0,0.0,0.0,0.0,0.0,0.0,0.0,0.0,0.0,0.0,0.0,0.0
glycerol_spe,0.0,0.0,0.0,0.0,0.0,0.0,0.0,0.0,0.0,0.0,0.0,0.0,0.0,0.0,0.0,0.0,0.0,0.0,0.12728546,0.699715262,25.980181295000005,34.929162796999975,21.64138735800004,95.67382017199976,82.04872607799996,40.718499796,19.948828405999905,19.56618347899996,29.129245279999964,55.809558488999585,39.726550245999704,0.5443234350000239,0.1618587560000151,0.0,0.0,0.0,0.0,0.0,0.0,0.0,0.0,0.0,0.0,0.0,0.0,0.0,0.0,0.0,0.0,0.0,0.0
hexane_spe,0.0,0.0,0.0,0.0,0.0,0.0,0.0,0.0,0.0,0.0,0.0,0.0,0.0,0.0,0.0,0.0,0.0,0.0,0.0,0.0,0.0,0.0,0.0,0.0,215.600880717,192.94146971699962,172.43023336999983,4.328309344000331,0.0,0.0,0.0,0.0,0.0,0.0,0.0,0.0,0.0,0.0,0.0,0.0,0.0,0.0,0.0,0.0,0.0,0.0,0.0,0.0,0.0,0.0,0.0
lactic_acid_spe,0.0,0.0,0.0,0.0,0.0,0.0,0.0,0.0,0.0,0.0,0.0,0.0,0.0,0.0,0.0,0.129824451,0.253669204,1.093849177,2.370444688,15.323466079,9.169699791000003,14.420287181999996,16.924593656999996,89.21729416399981,53.54173565800002,58.87944082699997,34.227237240000136,33.70770897499983,65.1598621489996,37.94506811599956,5.679502915999933,0.0,0.0,0.0,0.0,0.0,0.0,0.0,0.0,0.0,0.0,0.0,0.0,0.0,0.0,0.0,0.0,0.0,0.0,0.0,0.0
lauric_acid_spe,0.0,0.0,0.0,0.0,0.0,0.0,0.0,0.0,0.0,0.0,0.0,0.0,0.0,0.0,0.0,0.0,0.0,0.0,0.0,2.998853677,21.207810785000003,5.28106382,3.654580090999996,52.51337096899994,355.37324308999985,327.98221112100003,205.36120115699987,30.090879579000443,51.68105035800056,25.87547006600016,7.340515520999816,0.0,0.0,0.0,0.0,0.0,0.0,0.0,0.0,0.0,0.0,0.0,0.0,0.0,0.0,0.0,0.0,0.0,0.0,0.0,0.0
levulinic_acid_spe,0.0,0.0,0.0,0.0,0.0,0.0,0.0,0.0,0.0,0.0,0.0,0.0,0.0,0.0,0.0,0.0,0.0,0.0,0.0,3.726567492,22.108132167000004,4.169625848000003,8.336389125,167.4783180560001,95.75895367600015,74.7596947319999,27.163368790999755,23.403292156999953,79.23112526499932,51.29985781500068,12.743182231000333,0.0,0.0,0.0,0.0,0.0,0.0,0.0,0.0,0.0,0.0,0.0,0.0,0.0,0.0,0.0,0.0,0.0,0.0,0.0,0.0
lignin_spe,0.0,0.0,0.0,0.0,0.0,0.0,0.0,0.0,0.0,0.0,0.0,0.0,0.0,0.0,0.0,0.266292012,0.0,0.07298412300000001,0.8493559819999998,1.9198697010000003,2.1875385599999997,11.885794286,111.32862373599988,447.821776310001,281.2176522110012,336.5242972790013,231.52490981000597,48.92172630299956,95.97198048199857,197.84228512200048,26.219566135999912,2.672211108000056,0.49058799099998396,0.0,0.0,0.0,0.0,0.0,0.0,0.0,0.0,0.0,0.0,0.0,0.0,0.0,0.0,0.0,0.0,0.0,0.0
lupeol_spe,0.0,0.0,0.0,0.0,0.0,0.0,0.0,0.0,0.0,0.0,0.0,0.0,0.0,0.0,0.0,0.0,0.0,0.0,0.0,0.0,4.474064159000001,17.457032835000003,11.071784279000003,56.09823206399992,587.8114017299993,447.8001686069998,397.3666841000038,89.48571525599914,16.416870630000403,10.539852640000163,10.577739591999944,5.05550403899997,0.0,0.0,0.0,0.0,0.0,0.0,0.0,0.0,0.0,0.0,0.0,0.0,0.0,0.0,0.0,0.0,0.0,0.0,0.0
malic_acid_spe,0.0,0.0,0.0,0.0,0.0,0.0,0.0,0.0,0.0,0.0,0.0,0.0,0.0,0.0,0.0,0.0,0.0,0.0,0.36629924,19.618539429,39.343136615000006,16.29344260900001,44.61707136899997,85.660325791,53.23434433199995,39.7727928020002,34.735875658,53.830563395999775,116.53484655399927,53.360201719001054,3.7413481510001247,0.0,0.0,0.0,0.0,0.0,0.0,0.0,0.0,0.0,0.0,0.0,0.0,0.0,0.0,0.0,0.0,0.0,0.0,0.0,0.0
malonic_acid_spe,0.0,0.0,0.0,0.0,0.0,0.0,0.0,0.0,0.0,0.0,0.0,0.0,0.0,0.0,0.0,0.0,0.0,0.0,0.149009253,18.200596919000002,37.74275711499999,7.677119571999988,55.181753959000034,47.08183077399997,45.55663554100008,28.683664919999956,32.289894696999966,45.60866680699985,103.3931955749992,41.6170584149998,0.0,0.0,0.0,0.0,0.0,0.0,0.0,0.0,0.0,0.0,0.0,0.0,0.0,0.0,0.0,0.0,0.0,0.0,0.0,0.0,0.0
menthol_spe,0.0,0.0,0.0,0.0,0.0,0.0,0.0,0.0,0.0,0.0,0.0,0.0,0.0,0.0,0.0,0.0,0.0,0.0,0.0,0.0,5.231788936,16.511466157,5.7794047540000015,9.104785769,310.73876529999995,209.56579369599996,189.16519716500045,10.285624838000103,6.2553954590001695,12.649980982000102,19.944857736000586,2.1858993089999785,0.0,0.0,0.0,0.0,0.0,0.0,0.0,0.0,0.0,0.0,0.0,0.0,0.0,0.0,0.0,0.0,0.0,0.0,0.0
methanol_spe,0.0,0.0,0.0,0.0,0.0,0.0,0.0,0.0,0.0,0.0,0.0,0.0,0.0,0.0,0.0,0.0,0.0,0.0,0.0,0.0,11.964722262999999,12.581667322000001,3.6768121510000036,27.979396395000013,65.28583801700003,47.76360593600002,19.413408108000112,8.015036975999976,10.626785923999904,18.480622504999843,16.55724440499992,0.0,0.0,0.0,0.0,0.0,0.0,0.0,0.0,0.0,0.0,0.0,0.0,0.0,0.0,0.0,0.0,0.0,0.0,0.0,0.0
n4444_anion_spe,0.0,0.0,0.0,0.0,0.0,0.0,0.0,0.0,0.0,0.0,0.0,0.0,0.0,0.0,0.0,0.0,0.0,0.0,0.0,0.0,0.0,0.0,0.0,0.0,0.0,0.0,0.0,0.0,0.0,0.0,209.37031416400066,0.0,0.0,0.0,0.0,0.0,0.0,0.0,0.0,0.0,0.0,0.0,0.0,0.0,0.0,0.0,0.0,0.0,0.0,0.0,0.0
n4444_cation_spe,0.0,0.0,0.0,0.0,0.0,0.0,0.0,0.0,0.0,0.0,0.0,0.0,0.0,0.0,0.0,0.0,0.0,0.0,0.793747445,0.6586170950000002,6.47953455,17.04787973399999,43.612583697000005,198.20647259600003,593.0105367290003,234.2534199710011,216.51725531900138,0.0,0.0,0.0,0.0,0.0,0.0,0.0,0.0,0.0,0.0,0.0,0.0,0.0,0.0,0.0,0.0,0.0,0.0,0.0,0.0,0.0,0.0,0.0,0.0
octanoic_acid_spe,0.0,0.0,0.0,0.0,0.0,0.0,0.0,0.0,0.0,0.0,0.0,0.0,0.0,0.0,0.0,0.0,0.0,0.0,0.0,2.271139862,20.464179744000006,6.656724045999997,5.704775442999999,49.70353035700002,261.69860842700047,203.80100323399984,134.92501732999983,21.0378425250002,49.032525617001625,28.53357238100034,6.060069502000147,0.0,0.0,0.0,0.0,0.0,0.0,0.0,0.0,0.0,0.0,0.0,0.0,0.0,0.0,0.0,0.0,0.0,0.0,0.0,0.0
oxalic_acid_spe,0.0,0.0,0.0,0.0,0.0,0.0,0.0,0.0,0.0,0.0,0.0,0.0,0.0,0.0,0.0,0.0,0.0,0.0,0.43785804300000003,48.53557409400001,13.389320955999992,9.69783594100003,14.000073134000019,36.46676814099999,28.999865695000068,27.609586062999995,33.78386048999985,62.049445366999834,91.68781760199937,20.959796999999924,1.4302649109999948,0.0,0.0,0.0,0.0,0.0,0.0,0.0,0.0,0.0,0.0,0.0,0.0,0.0,0.0,0.0,0.0,0.0,0.0,0.0,0.0
palmitic_acid_spe,0.0,0.0,0.0,0.0,0.0,0.0,0.0,0.0,0.0,0.0,0.0,0.0,0.0,0.0,0.0,0.0,0.0,0.0,0.0,3.048279518,21.685411601000002,4.951466523999997,2.7794398350000016,51.275994195000024,447.67412841900034,469.98189731399987,268.8085925369968,38.643784637001545,51.97531621000053,26.026198225999906,7.686297995999894,0.0,0.0,0.0,0.0,0.0,0.0,0.0,0.0,0.0,0.0,0.0,0.0,0.0,0.0,0.0,0.0,0.0,0.0,0.0,0.0
phytol_spe,0.0,0.0,0.0,0.0,0.0,0.0,0.0,0.0,0.0,0.0,0.0,0.0,0.0,0.0,0.0,0.0,0.0,0.0,0.0,0.112754539,9.686127176999998,12.152218568000004,8.228841906,43.042313469999996,553.2617742970011,477.0590693309995,369.03354757400075,52.16351791200077,22.09527958300032,14.777562291000322,22.44219308799984,0.0,0.0,0.0,0.0,0.0,0.0,0.0,0.0,0.0,0.0,0.0,0.0,0.0,0.0,0.0,0.0,0.0,0.0,0.0,0.0
proline_spe,0.0,0.0,0.0,0.0,0.0,0.0,0.0,0.0,0.0,0.0,0.0,0.0,0.0,0.0,0.0,0.0,0.0,0.0,0.854813971,8.448306987999999,28.241432125999992,21.371720152,29.174289060000028,133.91304583900012,93.23199780400006,54.33406781899993,11.63374345099993,10.781325745000004,9.994959203999997,39.708710599999904,60.498100558999624,26.895093212000234,2.319511564000095,0.0,0.0,0.0,0.0,0.0,0.0,0.0,0.0,0.0,0.0,0.0,0.0,0.0,0.0,0.0,0.0,0.0,0.0
propionate_anion_spe,0.0,0.0,0.0,0.0,0.0,0.0,0.0,0.0,0.0,0.0,0.0,0.0,0.0,0.0,0.0,0.0,0.0,0.0,0.0,0.0,0.0,0.0,0.0,0.0,80.36458652000005,68.59250863899993,69.32893088299988,15.641446516999878,16.341226476000003,7.053275619000004,38.71502750099967,66.32782797999971,31.72645886799984,7.611371539000004,0.0,0.23635590499998216,0.0,0.0,0.0,0.0,0.0,0.0,0.0,0.0,0.0,0.0,0.0,0.0,0.0,0.0,0.0
propionate_cation_spe,0.0,0.0,0.0,0.0,0.0,0.0,0.0,0.0,0.0,0.0,0.0,0.0,0.0,0.0,0.0,0.0,0.0,0.0,0.0,0.0,0.0,0.0,332.98280604400145,0.0,0.0,0.0,0.0,0.0,0.0,0.0,0.0,0.0,0.0,0.0,0.0,0.0,0.0,0.0,0.0,0.0,0.0,0.0,0.0,0.0,0.0,0.0,0.0,0.0,0.0,0.0,0.0
quercetin_spe,0.0,0.0,0.0,0.0,0.0,0.0,0.0,0.0,0.0,0.0,0.0,0.0,0.0,0.0,0.692990024,0.0,0.0,1.914934923,3.897073279,20.406254999999994,60.001247713000026,20.72724455999999,51.71985074299997,109.3561582259999,100.60420267999979,237.14200382799885,197.33380648400066,63.554691988001196,129.188677649003,56.90226369200093,8.826445521000096,1.5034916820000035,0.0,0.0,0.0,0.0,0.0,0.0,0.0,0.0,0.0,0.0,0.0,0.0,0.0,0.0,0.0,0.0,0.0,0.0,0.0
sorbitol_spe,0.0,0.0,0.0,0.0,0.0,0.0,0.0,0.0,0.0,0.0,0.0,0.0,0.0,0.0,0.0,0.067008654,0.13043339,0.42395550800000004,0.8938729699999998,5.4471381160000005,54.755303000000005,72.1201890619999,42.121455872999945,137.88105895600015,92.24250922999994,62.63651089400008,38.206359473000134,40.02111420600022,62.01636686400036,97.7567846730027,63.26392098200131,4.789639072,0.7162988520000226,0.0,0.0,0.0,0.0,0.0,0.0,0.0,0.0,0.0,0.0,0.0,0.0,0.0,0.0,0.0,0.0,0.0,0.0
squalene_spe,0.0,0.0,0.0,0.0,0.0,0.0,0.0,0.0,0.0,0.0,0.0,0.0,0.0,0.0,0.0,0.0,0.0,0.0,0.0,0.0,0.0,1.597450393,14.292009101999998,76.09434326500002,916.8814588149976,381.8080489270004,575.205539130003,133.78458604000093,72.95070559500027,6.1513930429996435,0.4996281639996596,0.0,0.0,0.0,0.0,0.0,0.0,0.0,0.0,0.0,0.0,0.0,0.0,0.0,0.0,0.0,0.0,0.0,0.0,0.0,0.0
sucrose_spe,0.0,0.0,0.0,0.0,0.0,0.0,0.0,0.0,0.0,0.0,0.0,0.0,0.0,0.0,0.0,0.0,0.0,0.0,0.236212009,4.465942695,76.15783493099995,80.09869059600007,59.53614343600006,262.2020063480004,166.2463675089998,88.17996440899981,71.74896067000043,68.4629136870011,94.73262397100177,157.72116295400235,81.65592226699891,0.0,0.0,0.0,0.0,0.0,0.0,0.0,0.0,0.0,0.0,0.0,0.0,0.0,0.0,0.0,0.0,0.0,0.0,0.0,0.0
thymol_spe,0.0,0.0,0.0,0.0,0.0,0.0,0.0,0.0,0.0,0.0,0.0,0.0,0.0,0.0,0.0,0.060067639,0.0,0.0,0.0,3.307965998,12.011896252999998,8.484188197999996,5.880064115999993,77.78539043999987,226.64421788399977,102.15177735299994,198.31383112100087,80.69977107599993,19.038976201000423,17.304301156000406,0.0,0.0,0.0,0.0,0.0,0.0,0.0,0.0,0.0,0.0,0.0,0.0,0.0,0.0,0.0,0.0,0.0,0.0,0.0,0.0,0.0
urea_spe,0.0,0.0,0.0,0.0,0.0,0.0,0.0,0.0,0.0,0.0,0.0,0.0,0.0,0.0,0.0,0.0,0.0,0.0,0.0,3.887507507,13.571292780000006,67.16601170900003,28.786477031000032,16.999505235999976,19.323294582000074,25.07973653700003,39.733611155000034,29.11360907100004,14.436456898000074,18.673197832999847,42.21816754199983,9.948005569999964,0.0,0.0,0.0,0.0,0.0,0.0,0.0,0.0,0.0,0.0,0.0,0.0,0.0,0.0,0.0,0.0,0.0,0.0,0.0
water_spe,0.0,0.0,0.0,0.0,0.0,0.0,0.0,0.0,0.0,0.0,0.0,0.0,0.0,0.0,0.0,0.0,0.0,0.0,0.0,0.0,16.511314258,33.86453401899999,10.239922247999985,9.309327814000014,3.9972779619999983,7.101443838999998,5.925358740000007,11.022527434000011,13.871635711999971,22.744281965999917,18.682543970999888,0.0,0.0,0.0,0.0,0.0,0.0,0.0,0.0,0.0,0.0,0.0,0.0,0.0,0.0,0.0,0.0,0.0,0.0,0.0,0.0
